{
	"format_version": "1.8.0",
	"useVanillaRig": false,
	"abortable": false,
	"animations": {
		"invite": {
			"animation_length": 0.375,
			"bones": {
				"requester_body": {
					"rotation": {
						"0.0": [0, 0, 0],
						"0.2083": [0, -7.5, 0],
						"0.375": [17.5, -17.5, 0]
					},
					"position": {
						"0.0": [0, 0, 0],
						"0.375": [-1, -3, 4]
					}
				},
				"requester_head": {
					"rotation": {
						"0.0": [0, 0, 0],
						"0.2083": [10, 0, 0],
						"0.375": [-27.5, 17.5, 0]
					}
				},
				"requester_left_arm": {
					"rotation": {
						"0.0417": [0, 0, 0],
						"0.2083": [-86.25, -32.5, 0],
						"0.375": [-82.5, -65, 0]
					}
				},
				"requester_right_arm": {
					"rotation": {
						"0.0417": [0, 0, 0],
						"0.2083": [-111.25, 32.5, 0],
						"0.375": [-82.5, 65, 0]
					}
				},
				"requester_left_leg": {
					"rotation": {
						"0.0": [0, 0, 0],
						"0.2083": [19.90381, -8.36064, -13.64121],
						"0.375": [37.24535, -26.34739, -23.97467]
					},
					"position": {
						"0.0": [0, 0, 0],
						"0.2083": [0, 0.44, 1.11],
						"0.375": [0, -1, 2]
					}
				},
				"requester_right_leg": {
					"rotation": {
						"0.2083": [0, 0, 0],
						"0.375": [7.5, 2.5, 0]
					},
					"position": {
						"0.2083": [0, 0, 0],
						"0.375": [0, 0, -1.5]
					}
				}
			}
		},
		"waiting": {
			"loop": true,
			"animation_length": 0.3333,
			"anim_time_update": "fade_out = 1.0",
			"bones": {
				"requester_body": {
					"rotation": {
						"0.0": [17.5, -17.5, 0],
						"0.3333": [17.5, -17.5, 0]
					},
					"position": {
						"0.0": [-1, -3, 4],
						"0.3333": [-1, -3, 4]
					}
				},
				"requester_head": {
					"rotation": {
						"0.0": [-27.5, 17.5, 0],
						"0.3333": [-27.5, 17.5, 0]
					}
				},
				"requester_left_arm": {
					"rotation": {
						"0.0": [-82.5, -65, 0],
						"0.3333": [-82.5, -65, 0]
					}
				},
				"requester_right_arm": {
					"rotation": {
						"0.0": [-82.5, 65, 0],
						"0.3333": [-82.5, 65, 0]
					}
				},
				"requester_left_leg": {
					"rotation": {
						"0.0": [37.24535, -26.34739, -23.97467],
						"0.3333": [37.24535, -26.34739, -23.97467]
					},
					"position": {
						"0.0": [0, -1, 2],
						"0.3333": [0, -1, 2]
					}
				},
				"requester_right_leg": {
					"rotation": {
						"0.0": [7.5, 2.5, 0],
						"0.3333": [7.5, 2.5, 0]
					},
					"position": {
						"0.0": [0, 0, -1.5],
						"0.3333": [0, 0, -1.5]
					}
				}
			}
		},
		"main": {
			"animation_length": 3.375,
			"anim_time_update": "fade_out = 1.0",
			"bones": {
				"requester_root": {
					"rotation": {
						"0.0": [0, 0, 0],
						"0.5417": [0, 0, 0],
						"0.6667": [0, 0, 0],
						"0.7083": [0, -0.80286, 0],
						"0.75": [0, -3.37134, 0],
						"0.7917": [0, -7.98592, 0],
						"0.8333": [0, -14.95519, 0],
						"0.875": [0, -24.59098, 0],
						"0.9167": [0, -37.13087, 0],
						"0.9583": [0, -52.59104, 0],
						"1.0": [0, -70.55247, 0],
						"1.0833": [0, -109.44753, 0],
						"1.125": [0, -127.40896, 0],
						"1.1667": [0, -142.86913, 0],
						"1.2083": [0, -155.40902, 0],
						"1.25": [0, -165.04481, 0],
						"1.2917": [0, -172.01408, 0],
						"1.3333": [0, -176.62866, 0],
						"1.375": [0, -179.19714, 0],
						"1.4167": [0, -180, 0],
						"1.4583": [0, -180.7959, 0],
						"1.5": [0, -183.30521, 0],
						"1.5417": [0, -187.73836, 0],
						"1.5833": [0, -194.30748, 0],
						"1.625": [0, -203.18815, 0],
						"1.6667": [0, -214.49548, 0],
						"1.7083": [0, -228.17909, 0],
						"1.75": [0, -243.93672, 0],
						"1.7917": [0, -261.13816, 0],
						"1.8333": [0, -278.86184, 0],
						"1.875": [0, -296.06328, 0],
						"1.9167": [0, -311.82091, 0],
						"1.9583": [0, -325.50452, 0],
						"2.0": [0, -336.81185, 0],
						"2.0417": [0, -345.69252, 0],
						"2.0833": [0, -352.26164, 0],
						"2.125": [0, -356.69479, 0],
						"2.1667": [0, -359.2041, 0],
						"2.2083": {"pre": [0, -360, 0], "post": [0, 0, 0]},
						"2.25": [0, 0, 0],
						"2.7917": [0, 0, 0],
						"3.3333": [0, 0, 0],
						"3.375": [0, 0, 0]
					},
					"position": {
						"0.6667": [0, 0, 0],
						"0.9167": [-0.33, 0, -1.33],
						"1.0": [0.06, 0, -0.44],
						"1.2083": [0, 0, 4.03],
						"1.4167": [0, 0, 4],
						"1.75": [-2, 0, 4.15],
						"2.2083": [0, 0, 0],
						"3.375": [0, 0, 0]
					}
				},
				"requester_body": {
					"rotation": {
						"0.0": [17.5, -17.5, 0],
						"0.125": [18.72813, -12.06107, -2.15918],
						"0.5833": [-12.5, 0, 0],
						"1.0": [15, 0, 0],
						"1.4167": [-17.5, 0, 0],
						"1.8333": [10, 0, 0],
						"2.0417": [20.23, 0, 0],
						"2.2083": [0, 0, 0],
						"2.3333": [-5, 0, 0],
						"2.625": [20, 0, 0],
						"2.875": [0, 0, 0]
					},
					"position": {
						"0.0": [-1, -3, 4],
						"0.125": [-0.7, -3, 2.8],
						"0.2917": [-0.3, -0.29, -1.8],
						"0.5833": [0, 0, 0],
						"1.0": [0, -2, 3],
						"1.4167": [0, 0, 0],
						"1.8333": [0, -2, 0],
						"2.2083": [0, 0, 0],
						"2.3333": [0, 0, 0],
						"2.625": [0, -1, -1],
						"2.875": [0, 0, 0]
					}
				},
				"requester_head": {
					"rotation": {
						"0.0": [-27.5, 17.5, 0],
						"0.4167": [-15, 0, 0],
						"1.25": [-20, 0, 0],
						"1.9583": [-22.5, 0, 0],
						"2.875": [-10, 0, 0],
						"3.0833": [0, 0, 0]
					}
				},
				"requester_left_arm": {
					"rotation": {
						"0.0": [-82.5, -65, 0],
						"0.25": [-68.15697, -6.13479, 4.90876],
						"0.4167": [-91.77698, 12.28656, 7.47979],
						"0.7083": [-91.78, 27.29, 7.48],
						"2.25": [-91.78, 27.29, 7.48],
						"2.5833": [-71.78, 7.29, 7.48],
						"3.0417": [0, 0, 0]
					},
					"position": {
						"0.0": [0, 0, 0],
						"0.4167": [0, 0, -1],
						"2.25": [0, 0, -1],
						"3.0417": [0, 0, 0]
					}
				},
				"requester_right_arm": {
					"rotation": {
						"0.0": [-82.5, 65, 0],
						"0.25": [-52.09293, 18.63739, -4.43711],
						"0.4167": [-94.32156, -12.27102, -7.39518],
						"0.7083": [-94.32, -24.77, -7.4],
						"2.25": [-94.32, -24.77, -7.4],
						"2.5833": [-74.32, -7.27, -7.4],
						"3.0417": [0, 0, 0]
					},
					"position": {
						"0.0": [0, 0, 0],
						"0.4167": [0, 0, -1],
						"2.25": [0, 0, -1],
						"3.0417": [0, 0, 0]
					}
				},
				"requester_left_leg": {
					"rotation": {
						"0.0": [37.24535, -26.34739, -23.97467],
						"0.125": [39.80808, -14.14965, -21.73035],
						"0.25": [46.64397, -1.9883, -16.49595],
						"0.5833": [-17.5, 0, 0],
						"1.0": [49.99295, -14.23692, -11.56975],
						"1.0833": [35.28, -11.68, -16.32],
						"1.1667": [20.56111, -9.12071, -1.07487],
						"1.4167": [4.98107, -0.43523, -0.01893],
						"1.7917": [37.48, -0.44, -0.02],
						"2.0833": [44.98, -0.44, -0.02],
						"2.2083": [5, -0.44, -0.02],
						"2.3333": [5, -0.44, -0.02],
						"2.625": [37.5, -0.44, -0.02],
						"2.875": [5, -0.44, -0.02]
					},
					"position": {
						"0.0": [0, -1, 2],
						"0.125": [0, -1.7, 1.4],
						"0.2917": [0, -0.94, -1.22],
						"0.5833": [0, 0, 0],
						"1.0": [0.75, -2, -2],
						"1.4167": [0, 0, 0],
						"1.7917": [0, -2, -5],
						"2.0833": [0, -2, -5],
						"2.2083": [0, 0, 0],
						"2.3333": [0, 0, 0],
						"2.625": [0, -2, -6],
						"2.875": [0, 0, 0]
					}
				},
				"requester_right_leg": {
					"rotation": {
						"0.0": [7.5, 2.5, 0],
						"0.0833": [18.51153, 2.4407, 0.54143],
						"0.2917": [17.5, 2.5, 0],
						"0.5833": [2.5, 2.5, 0],
						"1.0": [29.41218, 18.40293, 3.13546],
						"1.4167": [-42.5521, -0.88079, -3.68468],
						"1.9167": [-37.64803, -0.27814, -1.16358],
						"2.2083": [7.06, -0.05, -0.19],
						"2.3333": [7.06, -0.05, -0.19],
						"2.625": [19.56, -0.05, -0.19],
						"2.875": [-0.44, -0.05, -0.19]
					},
					"position": {
						"0.0": [0, 0, -1.5],
						"0.0833": [0, 0, -3.12],
						"0.2917": [0, 0, -3.25],
						"0.5833": [0, 0, -0.25],
						"1.0": [-0.5, -1, -2.12],
						"1.1667": [-0.35, 0.3, -1.48],
						"1.4167": [0, 0, 0],
						"1.7917": [0, -1.98, -0.82],
						"2.0417": [0, -1, 0],