{
	"format_version": "1.8.0",
	"useVanillaRig": false,
	"abortable": false,
	"animations": {
		"invite": {
			"animation_length": 0.3333,
			"bones": {
				"requester_root": {
					"rotation": {
						"0.0": [0, 0, 0],
						"0.3333": [0, 10, 0]
					}
				},
				"requester_body": {
					"rotation": {
						"0.0": [0, 0, 0],
						"0.3333": [15, 0, 0]
					},
					"position": {
						"0.0": [0, 0, 0],
						"0.3333": [0, -3, 3]
					}
				},
				"requester_head": {
					"rotation": {
						"0.0": [0, 0, 0],
						"0.3333": [-19.44457, -8.63254, -1.00631]
					}
				},
				"requester_left_arm": {
					"rotation": {
						"0.0": [0, 0, 0],
						"0.3333": [-82.5, -65, 0]
					}
				},
				"requester_right_arm": {
					"rotation": {
						"0.0": [0, 0, 0],
						"0.3333": [-82.5, 65, 0]
					}
				},
				"requester_left_leg": {
					"rotation": {
						"0.0": [0, 0, 0],
						"0.3333": [0.8976, -14.96096, -5.15616]
					},
					"position": {
						"0.0": [0, 0, 0],
						"0.3333": [0.75, 0, -2]
					}
				},
				"requester_right_leg": {
					"rotation": {
						"0.0": [0, 0, 0],
						"0.3333": [29.13822, -28.9027, 6.11798]
					},
					"position": {
						"0.0": [0, 0, 0],
						"0.3333": [0, -1, -1]
					}
				}
			}
		},
		"waiting": {
			"loop": true,
			"animation_length": 0.3333,
			"anim_time_update": "fade_out = 1.0",
			"bones": {
				"requester_root": {
					"rotation": {
						"0.0": [0, 10, 0],
						"0.3333": [0, 10, 0]
					}
				},
				"requester_body": {
					"rotation": {
						"0.0": [15, 0, 0],
						"0.3333": [15, 0, 0]
					},
					"position": {
						"0.0": [0, -3, 3],
						"0.3333": [0, -3, 3]
					}
				},
				"requester_head": {
					"rotation": {
						"0.0": [-19.44457, -8.63254, -1.00631],
						"0.3333": [-19.44457, -8.63254, -1.00631]
					}
				},
				"requester_left_arm": {
					"rotation": {
						"0.0": [-82.5, -65, 0],
						"0.3333": [-82.5, -65, 0]
					}
				},
				"requester_right_arm": {
					"rotation": {
						"0.0": [-82.5, 65, 0],
						"0.3333": [-82.5, 65, 0]
					}
				},
				"requester_left_leg": {
					"rotation": {
						"0.0": [0.8976, -14.96096, -5.15616],
						"0.3333": [0.8976, -14.96096, -5.15616]
					},
					"position": {
						"0.0": [0.75, 0, -2],
						"0.3333": [0.75, 0, -2]
					}
				},
				"requester_right_leg": {
					"rotation": {
						"0.0": [29.13822, -28.9027, 6.11798],
						"0.3333": [29.13822, -28.9027, 6.11798]
					},
					"position": {
						"0.0": [0, -1, -1],
						"0.3333": [0, -1, -1]
					}
				}
			}
		},
		"main": {
			"animation_length": 4.4583,
			"anim_time_update": "fade_out = 1.0",
			"bones": {
				"requester_root": {
					"rotation": {
						"0.0": [0, 10, 0],
						"0.5": [0, 0, 0]
					}
				},
				"requester_body": {
					"rotation": {
						"0.0": [15, 0, 0],
						"0.2083": {
							"pre": [21.88, 0, 0],
							"post": [21.88, 0, 0],
							"lerp_mode": "catmullrom"
						},
						"0.5": {
							"post": [7.5, 0, 0],
							"lerp_mode": "catmullrom"
						},
						"0.875": {
							"post": [-2.5, 0, 0],
							"lerp_mode": "catmullrom"
						},
						"1.2083": {
							"post": [-12.5, 0, 0],
							"lerp_mode": "catmullrom"
						},
						"1.5833": {
							"post": [-12.5, 0, 0],
							"lerp_mode": "catmullrom"
						},
						"1.875": {
							"post": [-12.88139, 10, 0],
							"lerp_mode": "catmullrom"
						},
						"2.375": {
							"post": [-14.06997, -12.22222, 0],
							"lerp_mode": "catmullrom"
						},
						"2.875": {
							"post": [-12.88139, 10, 0],
							"lerp_mode": "catmullrom"
						},
						"3.375": [-12.5, 0, 0],
						"3.875": [20, 0, 0],
						"4.4167": [0, 0, 0]
					},
					"position": {
						"0.0": [0, -3, 3],
						"0.5": [0, -1.5, -9],
						"1.2083": [0, 0, -7],
						"1.5833": [0, 0, -7],
						"3.375": [0, 0, -7],
						"3.875": [0, -2, -5],
						"4.4167": [0, 0, 0]
					}
				},
				"requester_head": {
					"rotation": {
						"0.0": [-19.44457, -8.63254, -1.00631],
						"0.2083": [-13.4, -8.63, -1.01],
						"0.5": [-16.94, -8.63, -1.01],
						"1.2083": [-39.44, 16.37, -13.51],
						"3.375": [-39.44, 16.37, -13.51],
						"3.875": [-2.60124, 0, 0]
					}
				},
				"requester_left_arm": {
					"rotation": {
						"0.0": [-82.5, -65, 0],
						"0.2083": [-82.5, -65, 0],
						"0.3333": {
							"pre": [-62.5, -33.33, 0],
							"post": [-62.5, -33.33, 0],
							"lerp_mode": "catmullrom"
						},
						"0.5": {
							"post": [-60, 12.5, 0],
							"lerp_mode": "catmullrom"
						},
						"0.875": [-85.16, 20.21, 0],
						"1.2083": [-125.16, 35.21, 0],
						"3.375": [-125.16, 35.21, 0],
						"3.875": [-88.9731, -0.57172, -0.18453],
						"4.4583": [0, 0, 0]
					},
					"position": {
						"0.0": [0, 0, 0],
						"0.5": [0, 0, -1],
						"3.875": [0, 0, -1],
						"4.4583": [0, 0, 0]
					}
				},
				"requester_right_arm": {
					"rotation": {
						"0.0": [-82.5, 65, 0],
						"0.2083": [-82.5, 65, 0],
						"0.3333": {
							"pre": [-55, 34.17, 0],
							"post": [-55, 34.17, 0],
							"lerp_mode": "catmullrom"
						},
						"0.5": {
							"post": [-57.5, -12.5, 0],
							"lerp_mode": "catmullrom"
						},
						"0.875": [-88.44, -20.26, 0],
						"1.2083": [-125.94, -42.76, 0],
						"3.375": [-125.94, -42.76, 0],
						"3.875": [-92.14601, -6.03497, -2.91689],
						"4.4583": [0, 0, 0]
					},
					"position": {
						"0.0": [0, 0, 0],
						"0.5": [0, 0, -1],
						"3.875": [0, 0, 0],
						"4.4583": [0, 0, 0]
					}
				},
				"requester_left_leg": {
					"rotation": {
						"0.0": [0.8976, -14.96096, -5.15616],
						"0.5": [30, -5, -5],
						"0.875": [10, -5, -5],
						"1.2083": [5, -5, -5],
						"1.5833": [5, -5, -5],
						"3.375": [5, -5, -5],
						"3.875": [30, -5, -5],
						"4.4583": [-2.4905, -0.21782, -4.99527]
					},
					"position": {
						"0.0": [0.75, 0, -2],
						"0.5": [0, -1, -9],
						"0.875": [0, 0, -8],
						"1.2083": [0, 0, -7.25],
						"1.5833": [0, 0, -7.25],
						"3.375": [0, 0, -7.25],
						"3.875": [0, -1, -7.25],
						"4.4583": [0, 0, 0]
					}
				},
				"requester_right_leg": {
					"rotation": {
						"0.0": [29.13822, -28.9027, 6.11798],
						"0.1667": [36.09, -19.27, 4.08],
						"0.5": [5, 12.5, 10],
						"0.75": [7.19, 12.5, 10],
						"0.875": [12.5, 12.5, 10],
						"1.2083": [5, 12.5, 10],
						"1.5833": [5, 12.5, 10],
						"3.375": [5, 12.5, 10],
						"3.875": [5, 12.5, 10],
						"4.1667": [30.13158, 6.57895, 5.26316],
						"4.4583": [2.5, 0, 5]
					},
					"position": {
						"0.0": [0, -1, -1],
						"0.1667": [0, -0.67, -3],
						"0.3333": [0, 0.66, -5],
						"0.5": [0, 0, -11],
						"0.75": [0, 0, -11],
						"0.9583": [0, 0, -8],
						"1.2083": [0, 0, -7],
						"1.5833": [0, 0, -7],
						"3.375": [0, 0, -7],
						"3.875": [0, 0, -7],
						"4.1667": [0, 0, -7],
						"4.4583": [0, 0, 0]
					}
				},
				"receiver_root": {
					"rotation": {
						"0.0": [0, 0, 0],
						"0.7083": [0, 0, 0],
						"1.2083": [30, 0, 0],
						"1.5833": [30, 0, 0],
						"1.875": {
							"pre": [30, 10, 0],
							"post": [30, 10, 0],
							"lerp_mode": "catmullrom"
						},
						"2.375": {
							"post": [30, -10, 0],
							"lerp_mode": "catmullrom"
						},
						"2.875": {
							"post": [30, 10, 0],
							"lerp_mode": "catmullrom"
						},
						"3.375": [30, 0, 0],
						"3.875": [0, 0, 0]
					},
					"position": {
						"0.0": [0, 0, 0],
						"0.0833": [0, 0, -10],
						"0.7083": [0, 0, -10],
						"3.7917": [0, 0, -10],
						"3.875": [0, 0, 0]
					}
				},
				"receiver_head": {
					"rotation": {
						"0.0": [0, 0, 0],
						"0.8333": [0, 0, 0],
						"1.25": [27.5, 32.5, 0],
						"3.375": [27.5, 32.5, 0],
						"3.875": [22.92963, 0, 0],
						"4.4583": [0, 0, 0]
					}
				},
				"receiver_left_arm": {
					"rotation": {
						"0.375": [0, 0, 0],
						"0.8333": [0, 0, -27.5],
						"1.2083": [-67.5, 0, 20],
						"3.2083": [-67.5, 0, 20],
						"3.875": [-64.43855, -27.51235, 7.54109],
						"4.4583": [0, 0, -5]
					}
				},