{
	"format_version": "1.8.0",
	"useVanillaRig": false,
	"abortable": false,
	"animations": {
		"invite": {
			"animation_length": 0.375,
			"bones": {
				"requester_root": {
					"rotation": {
						"0.0": [0, 0, 0],
						"0.25": [0, 12.5, 0],
						"0.375": [0, 12.5, 0]
					},
					"position": {
						"0.0": [0, 0, 0],
						"0.25": [0, 0, 2],
						"0.375": [0, 0, 2]
					}
				},
				"requester_body": {
					"rotation": {
						"0.0": [0, 0, 0],
						"0.25": [7.5, 0, 0],
						"0.375": [7.5, 0, 0]
					},
					"position": {
						"0.0": [0, 0, 0],
						"0.25": [0, -1, 0.75],
						"0.375": [0, -1, 0.75]
					}
				},
				"requester_head": {
					"rotation": {
						"0.0": [0, 0, 0],
						"0.25": [-10.15108, -9.84655, 1.75378],
						"0.375": [-10.15108, -9.84655, 1.75378]
					}
				},
				"requester_left_arm": {
					"rotation": {
						"0.0": [0, 0, 0],
						"0.0833": {
							"pre": [-23.87408, -7.55854, -4.95589],
							"post": [-23.87408, -7.55854, -4.95589],
							"lerp_mode": "catmullrom"
						},
						"0.1667": {
							"post": [-47.97951, -20.02065, -2.28565],
							"lerp_mode": "catmullrom"
						},
						"0.25": {
							"post": [-90.01028, -22.49523, 0.22176],
							"lerp_mode": "catmullrom"
						},
						"0.375": [-90.01028, -22.49523, 0.22176]
					}
				},
				"requester_right_arm": {
					"rotation": {
						"0.0": [0, 0, 0],
						"0.125": {
							"pre": [-62.5, 42.5, 0],
							"post": [-62.5, 42.5, 0],
							"lerp_mode": "catmullrom"
						},
						"0.25": {
							"post": [-62.5, 70, 62.5],
							"lerp_mode": "catmullrom"
						},
						"0.375": [-62.5, 70, 62.5]
					}
				},
				"requester_left_leg": {
					"rotation": {
						"0.0": [0, 0, 0],
						"0.25": [-4.69226, -1.81942, -9.94681],
						"0.375": [-4.69226, -1.81942, -9.94681]
					},
					"position": {
						"0.0": [0, 0, 0],
						"0.25": [0.25, -0.5, -0.75],
						"0.375": [0.25, -0.5, -0.75]
					}
				},
				"requester_right_leg": {
					"rotation": {
						"0.0": [0, 0, 0],
						"0.25": [-11.50397, 32.7924, 13.20825],
						"0.375": [-11.50397, 32.7924, 13.20825]
					},
					"position": {
						"0.0": [0, 0, 0],
						"0.25": [-0.25, -0.5, -0.5],
						"0.375": [-0.25, -0.5, -0.5]
					}
				}
			}
		},
		"waiting": {
			"loop": true,
			"animation_length": 0.375,
			"anim_time_update": "fadeOut = 0.5",
			"bones": {
				"requester_root": {
					"rotation": {
						"0.0": [0, 12.5, 0],
						"0.375": [0, 12.5, 0]
					},
					"position": {
						"0.0": [0, 0, 2],
						"0.375": [0, 0, 2]
					}
				},
				"requester_body": {
					"rotation": {
						"0.0": [7.5, 0, 0],
						"0.375": [7.5, 0, 0]
					},
					"position": {
						"0.0": [0, -1, 0.75],
						"0.375": [0, -1, 0.75]
					}
				},
				"requester_head": {
					"rotation": {
						"0.0": [-10.15108, -9.84655, 1.75378],
						"0.375": [-10.15108, -9.84655, 1.75378]
					}
				},
				"requester_left_arm": {
					"rotation": {
						"0.0": [-90.01028, -22.49523, 0.22176],
						"0.375": [-90.01028, -22.49523, 0.22176]
					}
				},
				"requester_right_arm": {
					"rotation": {
						"0.0": [-62.5, 70, 62.5],
						"0.375": [-62.5, 70, 62.5]
					}
				},
				"requester_left_leg": {
					"rotation": {
						"0.0": [-4.69226, -1.81942, -9.94681],
						"0.375": [-4.69226, -1.81942, -9.94681]
					},
					"position": {
						"0.0": [0.25, -0.5, -0.75],
						"0.375": [0.25, -0.5, -0.75]
					}
				},
				"requester_right_leg": {
					"rotation": {
						"0.0": [-11.50397, 32.7924, 13.20825],
						"0.375": [-11.50397, 32.7924, 13.20825]
					},
					"position": {
						"0.0": [-0.25, -0.5, -0.5],
						"0.375": [-0.25, -0.5, -0.5]
					}
				}
			}
		},
		"main": {
			"animation_length": 2.625,
			"anim_time_update": "fadeOut = 0.3",
			"bones": {
				"requester_root": {
					"rotation": {
						"0.0": [0, 12.5, 0],
						"0.5": [0, 12.5, 0],
						"1.6667": [0, -37.5, 0],
						"2.25": [0, -37.5, 0],
						"2.625": [0, 0, 0]
					},
					"position": {
						"0.0": [0, 0, 2],
						"0.5417": [0, 0, 2],
						"0.8333": {
							"pre": [0, 5, 2],
							"post": [0, 5, 2],
							"lerp_mode": "catmullrom"
						},
						"1.375": {
							"post": [0, 5, 2],
							"lerp_mode": "catmullrom"
						},
						"1.6667": {
							"post": [-0.45657, -1.25, 2.59502],
							"lerp_mode": "catmullrom"
						},
						"1.9583": {
							"post": [-0.45657, -1.25, 2.59502],
							"lerp_mode": "catmullrom"
						},
						"2.25": [0, -1.25, 2],
						"2.625": [0, 0, 0]
					}
				},
				"requester_body": {
					"rotation": {
						"0.0": [7.5, 0, 0],
						"0.5": [7.5, 0, 0],
						"0.9167": [0, 0, 0],
						"1.5833": [12.5, 0, 0],
						"2.625": [0, 0, 0]
					},
					"position": {
						"0.0": [0, -1, 0.75],
						"0.5": [0, -1, 0.75],
						"0.9167": [0, 0, 0],
						"1.5833": [0, -1.05736, 1.20187],
						"1.9583": [0.67973, -0.68, 0.45304],
						"2.625": [0, 0, 0]
					}
				},
				"requester_head": {
					"rotation": {
						"0.0": [-10.15108, -9.84655, 1.75378],
						"0.375": [-10.15108, -9.84655, 1.75378],
						"0.875": [-20.41, -9.85, 1.75],
						"1.5833": [17.35, -9.85, 1.75],
						"2.625": [0, 0, 0]
					}
				},
				"requester_left_arm": {
					"rotation": {
						"0.0": [-90.01028, -22.49523, 0.22176],
						"0.5": [-90.01028, -22.49523, 0.22176],
						"0.8333": [-0.01028, -22.49523, -44.77824],
						"2.625": [0, 0, -10]
					}
				},
				"requester_right_arm": {
					"rotation": {
						"0.0": [-62.5, 70, 62.5],
						"0.5": [-62.5, 70, 62.5],
						"0.875": [-120.1251, -22.51711, -0.70364],
						"1.3333": [-123.32665, -61.52686, 37.00766],
						"1.875": [-18.32665, -61.52686, 37.00766],
						"2.625": [0, 0, 7.5]
					},
					"position": {
						"0.0": [0, 0, 0],
						"0.5": [0, 0, 0],
						"0.875": [0, 0, -2],
						"1.3333": [0, 0, -2],
						"1.875": [0, 0, 0],
						"2.625": [0, 0, 0]
					}
				},
				"requester_left_leg": {
					"rotation": {
						"0.0": [-4.69226, -1.81942, -9.94681],
						"0.2083": [-4.69, -1.82, -9.95],
						"0.5": [-4.69, -1.82, -9.95],
						"0.875": {
							"pre": [64.75443, 11.79215, -21.29078],
							"post": [64.75443, 11.79215, -21.29078],
							"lerp_mode": "catmullrom"
						},
						"1.1667": {
							"post": [64.75443, 11.79215, -21.29078],
							"lerp_mode": "catmullrom"
						},
						"1.625": {
							"post": [23.70465, 10.42602, -23.77503],
							"lerp_mode": "catmullrom"
						},
						"1.9583": {
							"post": [23.70465, 10.42602, -23.77503],
							"lerp_mode": "catmullrom"
						},
						"2.25": {
							"post": [1.57, 0.76, -8.4],
							"lerp_mode": "catmullrom"
						},
						"2.625": [0.8881, -12.46126, -5.11606]
					},
					"position": {
						"0.0": [0.25, -0.5, -0.75],
						"0.5": {
							"pre": [0.25, -0.5, -0.75],
							"post": [0.25, -0.5, -0.75],
							"lerp_mode": "catmullrom"
						},
						"0.875": {
							"post": [0.47859, 0, -1.5],
							"lerp_mode": "catmullrom"
						},
						"1.1667": {
							"post": [0.47859, 0, -1.5],
							"lerp_mode": "catmullrom"
						},
						"1.625": [0.48, 0, -2.5],
						"1.9583": [0.48, 0, -2.5],
						"2.25": [0.12361, 0.98885, -1.4374],
						"2.625": [0, 0, 0]
					}
				},
				"requester_right_leg": {
					"rotation": {
						"0.0": [-11.50397, 32.7924, 13.20825],
						"0.2083": [-11.5, 32.79, 13.21],
						"0.5": [-11.5, 32.79, 13.21],
						"0.875": {
							"pre": [56.70883, 6.54354, 17.4232],
							"post": [56.70883, 6.54354, 17.4232],
							"lerp_mode": "catmullrom"
						},
						"1.1667": {
							"post": [56.70883, 6.54354, 17.4232],
							"lerp_mode": "catmullrom"
						},
						"1.625": {
							"post": [9.20883, 6.54354, 17.4232],
							"lerp_mode": "catmullrom"
						},
						"1.9583": {
							"post": [9.20883, 6.54354, 17.4232],
							"lerp_mode": "catmullrom"
						},
						"2.625": [-1.51552, 7.43547, 7.56397]
					},
					"position": {
						"0.0": [-0.25, -0.5, -0.5],
						"0.5": {
							"pre": [-0.25, -0.5, -0.5],