{
	"format_version": "1.8.0",
	"useVanillaRig": false,
	"abortable": false,
	"animations": {
		"invite": {
			"animation_length": 1,
			"bones": {
				"requester_body": {
					"rotation": {
						"0.0": [0, 0, 0],
						"0.375": [-5, 0, 0],
						"1.0": [-5, 0, 0]
					},
					"position": {
						"0.0": [0, 0, 0],
						"0.375": [0, 0.2, 0],
						"1.0": [0, 0.2, 0]
					}
				},
				"requester_head": {
					"rotation": {
						"0.0": [0, 0, 0],
						"0.375": [7.5, 0, 0],
						"1.0": [7.5, 0, 0]
					},
					"position": {
						"0.0": [0, 0, 0],
						"0.375": [0, 0.1, 1.3],
						"1.0": [0, 0.1, 1.3]
					}
				},
				"requester_right_arm": {
					"rotation": {
						"0.0": [0, 0, 0],
						"0.0417": [-54.64752, 21.14925, -12.08762],
						"0.0833": [-95.72127, 39.8049, -26.48182],
						"0.125": [-129.17677, 52.66703, -41.65731],
						"0.1667": [-157.23215, 60.86459, -56.95526],
						"0.2083": [-180.88816, 66.06693, -71.92049],
						"0.25": [-200.54368, 69.3325, -86.10141],
						"0.2917": [-216.14344, 71.27881, -98.8959],
						"0.3333": [-227.07627, 72.28021, -109.24014],
						"0.375": [-231.56661, 72.57534, -114.48026],
						"1.0": [-231.56661, 72.57534, -114.48026]
					},
					"position": {
						"0.0": [0, 0, 0],
						"0.375": [-0.25, 0.2, 0.5],
						"1.0": [-0.25, 0.2, 0.5]
					}
				},
				"requester_left_arm": {
					"rotation": {
						"0.0": [0, 0, 0],
						"0.0417": [-54.64752, -23.11033, 12.08762],
						"0.0833": [-95.72127, -41.56717, 26.48182],
						"0.125": [-129.17677, -53.68578, 41.65731],
						"0.1667": [-157.23215, -61.38806, 56.95526],
						"0.2083": [-180.88816, -66.31878, 71.92049],
						"0.25": [-200.54368, -69.44197, 86.10141],
						"0.2917": [-216.14344, -71.31731, 98.8959],
						"0.3333": [-227.07627, -72.28803, 109.24014],
						"0.375": [-231.56661, -72.57534, 114.48026],
						"0.4167": [-231.56661, -72.57534, 114.77268],
						"0.9583": [-231.56661, -72.57534, 114.51257],
						"1.0": [-231.56661, -72.57534, 114.48026]
					},
					"position": {
						"0.0": [0, 0, 0],
						"0.375": [0.25, 0.2, 0.5],
						"1.0": [0.25, 0.2, 0.5]
					}
				},
				"requester_left_leg": {
					"rotation": {
						"0.0": [0, 0, 0],
						"0.375": [2.03491, -17.49644, -0.07078],
						"1.0": [2.03491, -17.49644, -0.07078]
					},
					"position": {
						"0.0": [0, 0, 0],
						"0.375": [-0.3, 0, 0],
						"1.0": [-0.3, 0, 0]
					}
				},
				"requester_right_leg": {
					"rotation": {
						"0.0": [0, 0, 0],
						"0.375": [5.17073, 14.9512, 1.11877],
						"1.0": [5.17073, 14.9512, 1.11877]
					},
					"position": {
						"0.0": [0, 0, 0],
						"0.375": [0.3, 0, 0],
						"1.0": [0.3, 0, 0]
					}
				},
				"requester_root": {
					"position": {
						"0.0": [0, 0, 0],
						"0.375": [0, 0.2, 0],
						"1.0": [0, 0.2, 0]
					}
				}
			},
			"timeline": {
				"0.0": "partical;"
			}
		},
		"waiting": {
			"loop": true,
			"animation_length": 1,
			"anim_time_update": "fade_in = 0, fade_out = 1.0",
			"bones": {
				"requester_body": {
					"rotation": {
						"0.0": [-5, 0, 0],
						"1.0": [-5, 0, 0]
					},
					"position": {
						"0.0": [0, 0.2, 0],
						"1.0": [0, 0.2, 0]
					}
				},
				"requester_head": {
					"rotation": {
						"0.0": [7.5, 0, 0],
						"1.0": [7.5, 0, 0]
					},
					"position": {
						"0.0": [0, 0.1, 1.3],
						"1.0": [0, 0.1, 1.3]
					}
				},
				"requester_right_arm": {
					"rotation": {
						"0.0": [-231.56661, 72.57534, -114.48026],
						"1.0": [-231.56661, 72.57534, -114.48026]
					},
					"position": {
						"0.0": [-0.25, 0.2, 0.5],
						"1.0": [-0.25, 0.2, 0.5]
					}
				},
				"requester_left_arm": {
					"rotation": {
						"0.0": [-231.56661, -72.57534, 114.48026],
						"1.0": [-231.56661, -72.57534, 114.48026]
					},
					"position": {
						"0.0": [0.25, 0.2, 0.5],
						"1.0": [0.25, 0.2, 0.5]
					}
				},
				"requester_left_leg": {
					"rotation": {
						"0.0": [2.03491, -17.49644, -0.07078],
						"1.0": [2.03491, -17.49644, -0.07078]
					},
					"position": {
						"0.0": [-0.3, 0, 0],
						"1.0": [-0.3, 0, 0]
					}
				},
				"requester_right_leg": {
					"rotation": {
						"0.0": [5.17073, 14.9512, 1.11877],
						"1.0": [5.17073, 14.9512, 1.11877]
					},
					"position": {
						"0.0": [0.3, 0, 0],
						"1.0": [0.3, 0, 0]
					}
				},
				"requester_root": {
					"position": {
						"0.0": [0, 0.2, 0],
						"1.0": [0, 0.2, 0]
					}
				}
			}
		},
		"main": {
			"loop": "hold_on_last_frame",
			"animation_length": 3.5,
			"anim_time_update": "fade_out = 1.0",
			"bones": {
				"requester_body": {
					"rotation": {
						"0.0": [-5, 0, 0],
						"0.2083": {
							"pre": [-5, 0, 0],
							"post": [-5, 0, 0],
							"lerp_mode": "catmullrom"
						},
						"0.4167": {
							"post": [-10, 0, 0],
							"lerp_mode": "catmullrom"
						},
						"0.9583": {
							"post": [5, 0, 0],
							"lerp_mode": "catmullrom"
						},
						"1.7083": {
							"post": [5, 0, 0],
							"lerp_mode": "catmullrom"
						},
						"2.5": {
							"post": [5, 0, 0],
							"lerp_mode": "catmullrom"
						},
						"3.5": [0, 0, 0]
					},
					"position": {
						"0.0": [0, 0.2, 0],
						"0.2083": {
							"pre": [0, 0.2, 0],
							"post": [0, 0.2, 0],
							"lerp_mode": "catmullrom"
						},
						"0.4167": {
							"post": [0, 0.2, 0],
							"lerp_mode": "catmullrom"
						},
						"0.9583": {
							"post": [0, 0, 0],
							"lerp_mode": "catmullrom"
						},
						"1.7083": {
							"post": [0, 0, 0],
							"lerp_mode": "catmullrom"
						},
						"2.5": {
							"post": [0, 0, 0],
							"lerp_mode": "catmullrom"
						},
						"3.5": [0, 0, 0]
					}
				},
				"requester_head": {
					"rotation": {
						"0.0": [7.5, 0, 0],
						"0.2083": {
							"pre": [7.5, 0, 0],
							"post": [7.5, 0, 0],
							"lerp_mode": "catmullrom"
						},
						"0.4167": {
							"post": [-12.5, 0, 0],
							"lerp_mode": "catmullrom"
						},
						"0.9583": {
							"post": [20, 0, 12.5],
							"lerp_mode": "catmullrom"
						},
						"1.25": {
							"post": [20, 0, 12.5],
							"lerp_mode": "catmullrom"
						},
						"2.5": {
							"post": [20, 0, 12.5],
							"lerp_mode": "catmullrom"
						},
						"3.5": [0, 0, 0]
					},
					"position": {
						"0.0": [0, 0.1, 0],
						"0.2083": {
							"pre": [0, 0.1, 0],
							"post": [0, 0.1, 0],
							"lerp_mode": "catmullrom"
						},
						"0.4167": {
							"post": [0, 0.1, 0],
							"lerp_mode": "catmullrom"
						},
						"0.9583": {
							"post": [0, -1, 0],
							"lerp_mode": "catmullrom"
						},
						"1.25": {
							"post": [0, -1, 0],
							"lerp_mode": "catmullrom"
						},
						"2.5": {
							"post": [0, -1, 0],
							"lerp_mode": "catmullrom"
						},
						"3.5": [0, 0, 0]
					}
				},
				"requester_right_arm": {
					"rotation": {
						"0.0": [-231.56661, 72.57534, -114.48026],
						"0.2083": {
							"pre": [-231.56661, 72.57534, -114.48026],
							"post": [-231.56661, 72.57534, -114.48026],
							"lerp_mode": "catmullrom"
						},
						"0.4167": {
							"post": [-251.08541, 61.57363, -130.12669],
							"lerp_mode": "catmullrom"
						},
						"0.5833": {
							"post": [-231.56661, 72.57534, -114.48026],
							"lerp_mode": "catmullrom"
						},
						"0.6667": {
							"post": [-162.21441, 78.44025, -50.53032],
							"lerp_mode": "catmullrom"
						},
						"0.9583": {
							"post": [-72.26857, -38.75879, -19.47281],
							"lerp_mode": "catmullrom"
						},
						"1.2917": {
							"post": [-72.26857, -38.75879, -19.47281],
							"lerp_mode": "catmullrom"
						},
						"2.5": {
							"post": [-72.26857, -38.75879, -19.47281],
							"lerp_mode": "catmullrom"
						},
						"2.875": {
							"post": [-52.19409, -0.25739, 8.63466],
							"lerp_mode": "catmullrom"
						},
						"3.5": [0, 0, 0]
					},
					"position": {
						"0.0": [-0.25, 0.2, 0],
						"0.2083": {
							"pre": [-0.25, 0.2, 0],
							"post": [-0.25, 0.2, 0],