{
	"format_version": "1.8.0",
	"useVanillaRig": false,
	"abortable": false,
	"animations": {
		"invite": {
			"animation_length": 0.625,
			"bones": {
				"requester_root": {
					"position": {
						"0.0": [0, 0, 0],
						"0.25": [0, -0.25, 0],
						"0.625": [0, -0.25, 0]
					}
				},
				"requester_body": {
					"rotation": {
						"0.0": [0, 0, 0],
						"0.25": [5, 20, 2.5],
						"0.375": [7.5, 22.5, 2.5],
						"0.625": [12.5, 27.5, 2.5]
					},
					"position": {
						"0.0": [0, 0, 0],
						"0.25": [0, -0.5, -0.5],
						"0.625": [0.12001, -0.72067, -0.2512]
					}
				},
				"requester_head": {
					"rotation": {
						"0.0": [0, 0, 0],
						"0.25": [7.5, 17.5, 5],
						"0.625": [20, 17.5, 20]
					}
				},
				"requester_left_arm": {
					"rotation": {
						"0.0": [0, 0, 0],
						"0.2917": [0, 0, 0],
						"0.625": [-47.5, 60, -5]
					},
					"position": {
						"0.0": [0, 0, 0],
						"0.625": [0, 0.5, 0]
					}
				},
				"requester_right_arm": {
					"rotation": {
						"0.0": [0, 0, 0],
						"0.2917": [0, 0, 0],
						"0.625": [-60, -60, 12.5]
					},
					"position": {
						"0.0": [0, 0, 0],
						"0.625": [0, 0.5, 0]
					}
				},
				"requester_left_leg": {
					"rotation": {
						"0.0": [0, 0, 0],
						"0.25": [15, 7.5, -2.5],
						"0.375": [15, 7.5, -2.5],
						"0.625": [15, 5, -2.5]
					},
					"position": {
						"0.0": [0, 0, 0],
						"0.25": [0, 0, -2.5],
						"0.625": [0, 0, -2.5]
					}
				},
				"requester_right_leg": {
					"rotation": {
						"0.0": [0, 0, 0],
						"0.25": [2.5, 15, 2.5],
						"0.625": [2.5, 20, 2.5]
					},
					"position": {
						"0.0": [0, 0, 0],
						"0.25": [0, 0, -0.75],
						"0.375": [0, 0, -0.75],
						"0.625": [0, 0, -0.25]
					}
				}
			}
		},
		"waiting": {
			"loop": true,
			"animation_length": 0.5,
			"anim_time_update": "fadeOut = 0.5",
			"bones": {
				"requester_root": {
					"position": {
						"0.0": [0, -0.25, 0],
						"0.5": [0, -0.25, 0]
					}
				},
				"requester_body": {
					"rotation": {
						"0.0": [12.5, 27.5, 2.5],
						"0.5": [12.5, 27.5, 2.5]
					},
					"position": {
						"0.0": [0.12001, -0.72067, -0.2512],
						"0.5": [0.12001, -0.72067, -0.2512]
					}
				},
				"requester_head": {
					"rotation": {
						"0.0": [20, 17.5, 20],
						"0.5": [20, 17.5, 20]
					}
				},
				"requester_left_arm": {
					"rotation": {
						"0.0": [-47.5, 60, -5],
						"0.5": [-47.5, 60, -5]
					},
					"position": {
						"0.0": [0, 0.5, 0],
						"0.5": [0, 0.5, 0]
					}
				},
				"requester_right_arm": {
					"rotation": {
						"0.0": [-60, -60, 12.5],
						"0.5": [-60, -60, 12.5]
					},
					"position": {
						"0.0": [0, 0.5, 0],
						"0.5": [0, 0.5, 0]
					}
				},
				"requester_left_leg": {
					"rotation": {
						"0.0": [15, 5, -2.5],
						"0.5": [15, 5, -2.5]
					},
					"position": {
						"0.0": [0, 0, -2.5],
						"0.5": [0, 0, -2.5]
					}
				},
				"requester_right_leg": {
					"rotation": {
						"0.0": [2.5, 20, 2.5],
						"0.5": [2.5, 20, 2.5]
					},
					"position": {
						"0.0": [0, 0, -0.25],
						"0.5": [0, 0, -0.25]
					}
				}
			}
		},
		"main": {
			"animation_length": 2.8333,
			"bones": {
				"requester_root": {
					"position": {
						"0.0": [0, -0.25, 0],
						"2.0417": [0, -0.25, 0],
						"2.8333": [0, 0, 0]
					}
				},
				"requester_body": {
					"rotation": {
						"0.0": [12.5, 27.5, 2.5],
						"0.2083": [12.5, 27.5, 2.5],
						"0.5833": [17.5, 27.5, 2.5],
						"2.0": [17.5, 27.5, 2.5],
						"2.4583": [10, 27.5, 2.5],
						"2.8333": [0, 0, 0]
					},
					"position": {
						"0.0": [0.12001, -0.72067, -0.2512],
						"0.2083": [0.12001, -0.72067, -0.2512],
						"0.5833": [0.12, -0.97, -0.25],
						"2.4583": [0.12, -0.97, -0.25],
						"2.8333": [0, 0, 0]
					}
				},
				"requester_head": {
					"rotation": {
						"0.0": [20, 17.5, 20],
						"0.2083": [20, 17.5, 20],
						"0.5833": [-2.5, -17.5, 10],
						"2.4583": [-2.5, -17.5, 10],
						"2.8333": [0, 0, 0]
					}
				},
				"requester_left_arm": {
					"rotation": {
						"0.0": [-47.5, 60, -5],
						"2.4583": [-47.5, 60, -5],
						"2.8333": [0, 0, 0]
					},
					"position": {
						"0.0": [0, 0.5, 0],
						"2.4583": [0, 0.5, 0],
						"2.8333": [0, 0, 0]
					}
				},
				"requester_right_arm": {
					"rotation": {
						"0.0": [-60, -60, 12.5],
						"2.4583": [-60, -60, 12.5],
						"2.8333": [0, 0, 0]
					},
					"position": {
						"0.0": [0, 0.5, 0],
						"2.4583": [0, 0.5, 0],
						"2.8333": [0, 0, 0]
					}
				},
				"requester_left_leg": {
					"rotation": {
						"0.0": [15, 5, -2.5],
						"2.4583": [15, 5, -2.5],
						"2.8333": [0, 0, 0]
					},
					"position": {
						"0.0": [0, 0, -2.5],
						"2.4583": [0, 0, -2.5],
						"2.8333": [0, 0, 0]
					}
				},
				"requester_right_leg": {
					"rotation": {
						"0.0": [2.5, 20, 2.5],
						"2.4583": [2.5, 20, 2.5],
						"2.8333": [0, 0, 0]
					},
					"position": {
						"0.0": [0, 0, -0.25],
						"2.4583": [0, 0, -0.25],
						"2.8333": [0, 0, 0]
					}
				},
				"receiver_root": {
					"position": {
						"0.0": [0, 0, 0],
						"0.3333": [0, 0.3, 0],
						"2.0417": [0, 0.3, 0],
						"2.375": [0, 0, 0],
						"2.8333": [0, 0, 0]
					}
				},
				"receiver_body": {
					"rotation": {
						"0.0": [0, 0, 0],
						"0.3333": [0, -17.5, 7.5],
						"2.0417": [0, -17.5, 7.5],
						"2.375": [0, 0, 0],
						"2.8333": [0, 0, 0]
					},
					"position": {
						"0.0": [0, 0, 0],
						"0.3333": [0, 0.2, 0],
						"2.0417": [0, 0.2, 0],
						"2.375": [0, 0, 0],
						"2.8333": [0, 0, 0]
					}
				},
				"receiver_head": {
					"rotation": {
						"0.0": [0, 0, 0],
						"0.3333": [-7.5, 0, 0],
						"2.0417": [-7.5, 0, 0],
						"2.375": [0, 0, 0],
						"2.8333": [0, 0, 0]
					}
				},
				"receiver_left_arm": {
					"rotation": {
						"0.0": [0, 0, 0],
						"0.375": [15, 0, -15],
						"2.0": [15, 0, -15],
						"2.375": [0, 0, 0],
						"2.8333": [0, 0, 0]
					}
				},
				"receiver_right_arm": {
					"rotation": {
						"0.0": [0, 0, 0],
						"0.5417": [-91.25, 46, 87.5],
						"0.75": [-91.25, 46, 87.5],
						"0.9167": [-91.25, 41, 87.5],
						"1.0833": [-91.25, 46, 87.5],
						"1.25": [-91.25, 41, 87.5],
						"1.4167": [-91.25, 46, 87.5],
						"1.5833": [-91.25, 41, 87.5],
						"1.75": [-91.25, 46, 87.5],
						"1.9583": [-91.25, 46, 87.5],
						"2.375": [0, 0, 0],
						"2.8333": [0, 0, 0]
					},
					"position": {
						"0.0": [0, 0, 0],
						"0.5417": [-0.5, 2, 0],
						"1.9583": [-0.5, 2, 0],
						"2.375": [0, 0, 0],
						"2.8333": [0, 0, 0]
					}
				},
				"receiver_left_leg": {
					"rotation": {
						"0.0": [0, 0, 0],
						"0.3333": [12.5, -22.5, 0],
						"2.0417": [12.5, -22.5, 0],
						"2.375": [0, 0, 0],
						"2.8333": [0, 0, 0]
					},
					"position": {
						"0.0": [0, 0, 0],
						"0.3333": [0, 0, 0.5],
						"2.0417": [0, 0, 0.5],
						"2.375": [0, 0, 0],
						"2.8333": [0, 0, 0]
					}
				},
				"receiver_right_leg": {
					"rotation": {
						"0.0": [0, 0, 0],
						"0.3333": [5, 2.5, 0],
						"2.0417": [5, 2.5, 0],
						"2.375": [0, 0, 0],
						"2.8333": [0, 0, 0]
					},
					"position": {
						"0.0": [0, 0, 0],
						"0.3333": [0, 0, -0.75],
						"2.0417": [0, 0, -0.75],
						"2.375": [0, 0, 0],
						"2.8333": [0, 0, 0]
					}
				}
			}
		}
	}
}