{
	"format_version": "1.8.0",
	"useVanillaRig": false,
	"animations": {
		"enter": {
			"animation_length": 1,
			"bones": {
				"body": {
					"rotation": {
						"0.0": [0, 0, 0],
						"0.5": [-2.5, 0, 0],
						"1.0": [-2.5, 0, 0]
					},
					"position": {
						"0.0": [0, 0, 0],
						"0.5": [0, -3, 2.58],
						"1.0": [0, -3, 2.58]
					}
				},
				"head": {
					"rotation": {
						"0.0": [0, 0, 0],
						"0.125": [20, 0, 0],
						"0.5": [20, 0, 0],
						"1.0": [-7.5, 0, 0]
					}
				},
				"left_arm": {
					"rotation": {
						"0.0": [-86.89305, 23.60136, -5.22801],
						"0.5": [0, 0, 0],
						"1.0": [-7.50238, -0.10901, 2.49762]
					}
				},
				"right_arm": {
					"rotation": {
						"0.0": [-64.40248, -30.74726, -7.70369],
						"0.5": [0, 0, 0],
						"1.0": [-97.49046, -4.99523, -0.21865]
					}
				},
				"left_leg": {
					"rotation": {
						"0.0": [0, 0, 0],
						"0.5": [7.52832, -4.95712, -0.65426],
						"1.0": [7.60723, -2.14976, -2.80682]
					},
					"position": {
						"0.0": [0, 0, 0],
						"0.5": [0, 0, -1.5],
						"1.0": [0, 0, -1.5]
					}
				},
				"right_leg": {
					"rotation": {
						"0.0": [0, 0, 0],
						"0.2083": {
							"pre": [58.75, 0, 0],
							"post": [58.75, 0, 0],
							"lerp_mode": "catmullrom"
						},
						"0.4167": {
							"post": [52.5, 0, 0],
							"lerp_mode": "catmullrom"
						},
						"1.0": [52.3737, -8.5293, -2.90177]
					},
					"position": {
						"0.0": [0, 0, 0],
						"0.5": [0, -3, 2.58],
						"1.0": [0, -3, 2.58]
					}
				},
				"var_heldCandle": {
					"rotation": {
						"0.0": [1, 0, 0],
						"1.0": [1, 0, 0]
					}
				}
			}
		},
		"main": {
			"loop": true,
			"animation_length": 1,
			"bones": {
				"body": {
					"rotation": {
						"0.0": [-2.5, 0, 0],
						"1.0": [-2.5, 0, 0]
					},
					"position": {
						"0.0": [0, -3, 2.58],
						"1.0": [0, -3, 2.58]
					}
				},
				"head": {
					"rotation": {
						"0.0": [-7.5, 0, 0],
						"1.0": [-7.5, 0, 0]
					}
				},
				"left_arm": {
					"rotation": {
						"0.0": [-7.50238, -0.10901, 2.49762],
						"1.0": [-7.50238, -0.10901, 2.49762]
					}
				},
				"right_arm": {
					"rotation": {
						"0.0": [-97.49046, -4.99523, -0.21865],
						"1.0": [-97.49046, -4.99523, -0.21865]
					}
				},
				"left_leg": {
					"rotation": {
						"0.0": [7.60723, -2.14976, -2.80682],
						"1.0": [7.60723, -2.14976, -2.80682]
					},
					"position": {
						"0.0": [0, 0, -1.5],
						"1.0": [0, 0, -1.5]
					}
				},
				"right_leg": {
					"rotation": {
						"0.0": [52.3737, -8.5293, -2.90177],
						"1.0": [52.3737, -8.5293, -2.90177]
					},
					"position": {
						"0.0": [0, -3, 2.58],
						"1.0": [0, -3, 2.58]
					}
				},
				"var_heldCandle": {
					"rotation": {
						"0.0": [1, 0, 0],
						"1.0": [1, 0, 0]
					}
				}
			}
		},
		"exit": {
			"animation_length": 0.9167,
			"bones": {
				"body": {
					"rotation": {
						"0.0": [-2.5, 0, 0],
						"0.375": {
							"pre": [72.5, 0, 0],
							"post": [72.5, 0, 0],
							"lerp_mode": "catmullrom"
						},
						"0.5417": {
							"post": [72.5, 0, 0],
							"lerp_mode": "catmullrom"
						},
						"0.9167": [0, 0, 0]
					},
					"position": {
						"0.0": [0, -3, 2.58],
						"0.375": {
							"pre": [0, -3, 3.58],
							"post": [0, -3, 3.58],
							"lerp_mode": "catmullrom"
						},
						"0.5417": {
							"post": [0, -3, 3.58],
							"lerp_mode": "catmullrom"
						},
						"0.9167": [0, 0, 0]
					}
				},
				"head": {
					"rotation": {
						"0.0": [-7.5, 0, 0],
						"0.375": {
							"pre": [-57.5, 0, 0],
							"post": [-57.5, 0, 0],
							"lerp_mode": "catmullrom"
						},
						"0.5417": {
							"post": [-57.5, 0, 0],
							"lerp_mode": "catmullrom"
						},
						"0.9167": [0, 0, 0]
					}
				},
				"left_arm": {
					"rotation": {
						"0.0": [-7.50238, -0.10901, 2.49762],
						"0.375": [-57.09606, 24.99523, 13.3084],
						"0.9167": [0, 0, 0]
					}
				},
				"right_arm": {
					"rotation": {
						"0.0": [-97.49046, -4.99523, -0.21865],
						"0.375": {
							"pre": [-84.84936, -4.99523, -0.21865],
							"post": [-84.84936, -4.99523, -0.21865],
							"lerp_mode": "catmullrom"
						},
						"0.5417": {
							"post": [-84.84936, -4.99523, -0.21865],
							"lerp_mode": "catmullrom"
						},
						"0.9167": [0, 0, 0]
					}
				},
				"left_leg": {
					"rotation": {
						"0.0": [7.60723, -2.14976, -2.80682],
						"0.4583": {
							"pre": [7.60723, -2.14976, -2.80682],
							"post": [7.60723, -2.14976, -2.80682],
							"lerp_mode": "catmullrom"
						},
						"0.5833": {
							"post": [12.60723, -2.14976, -2.80682],
							"lerp_mode": "catmullrom"
						},
						"0.9167": [0, 0, 0]
					},
					"position": {
						"0.0": [0, 0, -1.5],
						"0.4583": {
							"pre": [0, 0, -1.5],
							"post": [0, 0, -1.5],
							"lerp_mode": "catmullrom"
						},
						"0.5833": {
							"post": [0, -0.5, -1.25],
							"lerp_mode": "catmullrom"
						},
						"0.9167": [0, 0, 0]
					}
				},
				"right_leg": {
					"rotation": {
						"0.0": [52.3737, -8.5293, -2.90177],
						"0.375": {
							"pre": [30, 0, 0],
							"post": [30, 0, 0],
							"lerp_mode": "catmullrom"
						},
						"0.5417": {
							"post": [30, 0, 0],
							"lerp_mode": "catmullrom"
						},
						"0.9167": [0, 0, 0]
					},
					"position": {
						"0.0": [0, -3, 2.58],
						"0.375": {
							"pre": [0, -1, -1.42],
							"post": [0, -1, -1.42],
							"lerp_mode": "catmullrom"
						},
						"0.5417": {
							"post": [0, -1, -1.42],
							"lerp_mode": "catmullrom"
						},
						"0.9167": [0, 0, 0]
					}
				},
				"var_heldCandle": {
					"rotation": {
						"0.0": [0, 0, 0],
						"0.9167": [0, 0, 0]
					}
				}
			}
		}
	}
}